N	Id	Description	Localization	         Method	Threshold	Avg Score	Cover	Epitope	Start	End	N-Glyc	N-Glyc-Count	N-Glyc-Motifs	Length	kDa	I.P	Avg Hydropathy	Avg Cover
1	P14738	P14738	-	   BepiPred-3.0	0.15	0.19	-	SEPETPTPPTPE	887	899	N	0	-	12	1.28	3.67	-1.78	0.80
				          Emini	1.00	1.59	0.75	EEEEEEEEE...         	
				       Kolaskar	1.00	1.00	0.50	EE.....E.EEE         	
				    Chou Fosman	1.03	1.16	0.92	.EEEEEEEEEEE         	
				 Karplus Schulz	1.03	1.07	1.00	EEEEEEEEEEEE         	
				         Parker	3.09	3.91	0.83	EEEEEEEEE..E         	
				    All matches	-	-	0.17	.E.....E....         	
				         N-Glyc	-	-	0.00	............         	
				     Hydropathy	-	-1.78	-	------------         	
2	P14738	P14738	-	   BepiPred-3.0	0.15	0.19	-	SEPETPTPPTPE	901	913	N	0	-	12	1.28	3.67	-1.78	0.80
				          Emini	1.00	1.59	0.75	EEEEEEEEE...         	
				       Kolaskar	1.00	1.00	0.50	EE.....E.EEE         	
				    Chou Fosman	1.03	1.16	0.92	.EEEEEEEEEEE         	
				 Karplus Schulz	1.03	1.07	1.00	EEEEEEEEEEEE         	
				         Parker	3.09	3.91	0.83	EEEEEEEEE..E         	
				    All matches	-	-	0.17	.E.....E....         	
				         N-Glyc	-	-	0.00	............         	
				     Hydropathy	-	-1.78	-	------------         	
3	P14738	P14738	-	   BepiPred-3.0	0.15	0.21	-	SEPETPTPPTPE	915	927	N	0	-	12	1.28	3.67	-1.78	0.77
				          Emini	1.00	1.58	0.75	EEEEEEEEE...         	
				       Kolaskar	1.00	1.00	0.50	EE.....E.EEE         	
				    Chou Fosman	1.03	1.15	0.92	.EEEEEEEEEEE         	
				 Karplus Schulz	1.03	1.07	0.92	EEEEEEEEEEE.         	
				         Parker	3.09	3.86	0.75	EEEEEEEEE...         	
				    All matches	-	-	0.17	.E.....E....         	
				         N-Glyc	-	-	0.00	............         	
				     Hydropathy	-	-1.78	-	------------         	
4	P14738	P14738	-	   BepiPred-3.0	0.15	0.22	-	DTEEDKPKYEQ	755	766	N	0	-	11	1.38	4.18	-2.95	0.75
				          Emini	1.00	3.10	1.00	EEEEEEEEEEE         	
				       Kolaskar	1.00	0.93	0.00	...........         	
				    Chou Fosman	1.03	1.08	0.73	...EEEEEEEE         	
				 Karplus Schulz	1.03	1.07	1.00	EEEEEEEEEEE         	
				         Parker	3.09	5.83	1.00	EEEEEEEEEEE         	
				    All matches	-	-	0.00	...........         	
				         N-Glyc	-	-	0.00	...........         	
				     Hydropathy	-	-2.95	-	-----------         	
5	P02976	P02976	-	   BepiPred-3.0	0.15	0.23	-	KEDGNKPGKEDGNKPGKEDGNGV	399	422	N	0	-	23	2.37	5.00	-2.28	0.73
				          Emini	1.00	1.25	0.74	EEEE.EEEEEEE.EEEEEE....         	
				       Kolaskar	0.98	0.91	0.09	.....................EE         	
				    Chou Fosman	1.07	1.28	0.96	EEEEEEEEEEEEEEEEEEEEEE.         	
				 Karplus Schulz	1.03	1.08	0.91	EEEEEEEEEEEEEEEEEEEEE..         	
				         Parker	3.20	5.81	0.96	EEEEEEEEEEEEEEEEEEEEEE.         	
				    All matches	-	-	0.00	.......................         	
				         N-Glyc	-	-	0.00	.......................         	
				     Hydropathy	-	-2.28	-	----------------------+         	
6	P02976	P02976	-	   BepiPred-3.0	0.15	0.22	-	PKADNNFNKE	151	161	N	0	-	10	1.18	6.49	-2.23	0.70
				          Emini	1.00	1.48	0.80	EEE..EEEEE         	
				       Kolaskar	0.98	0.92	0.10	E.........         	
				    Chou Fosman	1.07	1.15	0.80	EEEEEEEE..         	
				 Karplus Schulz	1.03	1.06	0.80	EEEEE..EEE         	
				         Parker	3.20	4.52	1.00	EEEEEEEEEE         	
				    All matches	-	-	0.10	E.........         	
				         N-Glyc	-	-	0.00	..........         	
				     Hydropathy	-	-2.23	-	--+---+---         	
7	P69848	P69848	-	   BepiPred-3.0	0.15	0.25	-	YSDERTAQTVANRQRKKI	315	333	N	0	-	18	2.16	10.27	-1.67	0.68
				          Emini	1.00	2.93	0.89	EEEEEEE..EEEEEEEEE         	
				       Kolaskar	1.02	0.96	0.06	.......E..........         	
				    Chou Fosman	0.96	0.98	0.50	EEEEE........EEE.E         	
				 Karplus Schulz	0.99	1.03	0.94	EEEEEEEEE.EEEEEEEE         	
				         Parker	1.36	4.21	1.00	EEEEEEEEEEEEEEEEEE         	
				    All matches	-	-	0.00	..................         	
				         N-Glyc	-	-	0.00	..................         	
				     Hydropathy	-	-1.67	-	------+--++------+         	
8	P14738	P14738	-	   BepiPred-3.0	0.15	0.20	-	PAEPGKPVPP	928	938	N	0	-	10	0.99	6.43	-0.98	0.66
				          Emini	1.00	0.86	0.20	..EE......         	
				       Kolaskar	1.00	1.04	0.90	EEE.EEEEEE         	
				    Chou Fosman	1.03	1.13	0.90	.EEEEEEEEE         	
				 Karplus Schulz	1.03	1.05	0.80	..EEEEEEEE         	
				         Parker	3.09	2.91	0.50	.EEEEE....         	
				    All matches	-	-	0.10	..E.......         	
				         N-Glyc	-	-	0.00	..........         	
				     Hydropathy	-	-0.98	-	-+-----+--         	
9	O33599	O33599	-	   BepiPred-3.0	0.15	0.22	-	IDSNGDYHHTPDGNWNQ	52	69	N	0	-	17	1.97	4.40	-1.91	0.66
				          Emini	1.00	1.20	0.71	E..EEEEEEEEEEE...         	
				       Kolaskar	0.99	0.95	0.24	E......EEE.......         	
				    Chou Fosman	1.11	1.24	0.94	EEEEEEEEEEEEEEEE.         	
				 Karplus Schulz	1.01	1.03	0.59	EEEEEE....EEEE...         	
				         Parker	3.12	3.69	0.82	.EEEEEEEEEEEEEE..         	
				    All matches	-	-	0.00	.................         	
				         N-Glyc	-	-	0.00	.................         	
				     Hydropathy	-	-1.91	-	+----------------         	
10	P14738	P14738	-	   BepiPred-3.0	0.15	0.20	-	ELPEEHGQAQGP	685	697	N	0	-	12	1.29	4.24	-1.59	0.62
				          Emini	1.00	0.92	0.42	.EE.EEE.....         	
				       Kolaskar	1.00	1.00	0.58	EE..E...EEEE         	
				    Chou Fosman	1.03	1.00	0.25	.......EEE..         	
				 Karplus Schulz	1.03	1.04	0.92	.EEEEEEEEEEE         	
				         Parker	3.09	3.77	0.92	.EEEEEEEEEEE         	
				    All matches	-	-	0.00	............         	
				         N-Glyc	-	-	0.00	............         	
				     Hydropathy	-	-1.59	-	-+------+---         	
11	P14738	P14738	-	   BepiPred-3.0	0.15	0.19	-	TTPPIVPPTPPTPE	871	885	N	0	-	14	1.44	4.00	-0.63	0.61
				          Emini	1.00	1.00	0.29	E.......EEE...         	
				       Kolaskar	1.00	1.05	0.79	..EEEEEEEE.EEE         	
				    Chou Fosman	1.03	1.16	1.00	EEEEEEEEEEEEEE         	
				 Karplus Schulz	1.03	1.04	0.71	EEE....EEEEEEE         	
				         Parker	3.09	2.18	0.29	EE........E..E         	
				    All matches	-	-	0.00	..............         	
				         N-Glyc	-	-	0.00	..............         	
				     Hydropathy	-	-0.63	-	----++--------         	
12	O33599	O33599	-	   BepiPred-3.0	0.15	0.20	-	AETTNTQQAHTQMSTQSQDVSYGTY	25	50	N	0	-	25	2.78	4.35	-1.24	0.59
				          Emini	1.00	1.36	0.80	EEEEEEEEEE.EEEEEEEE...EE.         	
				       Kolaskar	0.99	0.99	0.40	........E.......EEEEEEEEE         	
				    Chou Fosman	1.11	1.04	0.28	...............E..EEEEEE.         	
				 Karplus Schulz	1.01	1.04	0.64	.EEEEEEEE...EEEEEEEE.....         	
				         Parker	3.12	4.16	0.84	EEEEEEEEEEEEEEEEEEEEE....         	
				    All matches	-	-	0.04	..................E......         	
				         N-Glyc	-	-	0.00	.........................         	
				     Hydropathy	-	-1.24	-	+-------+---+------+-----         	
13	P14738	P14738	-	   BepiPred-3.0	0.15	0.20	-	VKEEVVKEEAKPQ	112	125	N	0	-	13	1.51	4.95	-1.26	0.58
				          Emini	1.00	1.25	0.54	E......EEEEEE         	
				       Kolaskar	1.00	1.03	0.85	.EEEEEEEE.EEE         	
				    Chou Fosman	1.03	0.80	0.00	.............         	
				 Karplus Schulz	1.03	1.04	0.69	EEE....EEEEEE         	
				         Parker	3.09	3.59	0.85	EE..EEEEEEEEE         	
				    All matches	-	-	0.00	.............         	
				         N-Glyc	-	-	0.00	.............         	
				     Hydropathy	-	-1.26	-	+---++---+---         	
14	O33599	O33599	-	   BepiPred-3.0	0.15	0.27	-	YGQYHGGGAHY	200	211	N	0	-	11	1.21	6.91	-1.24	0.53
				          Emini	1.00	0.73	0.27	EEE........         	
				       Kolaskar	0.99	1.02	0.82	EEEE.EEE.EE         	
				    Chou Fosman	1.11	1.21	1.00	EEEEEEEEEEE         	
				 Karplus Schulz	1.01	1.00	0.27	E....EE....         	
				         Parker	3.12	2.89	0.27	....EE..E..         	
				    All matches	-	-	0.00	...........         	
				         N-Glyc	-	-	0.00	...........         	
				     Hydropathy	-	-1.24	-	--------+--         	
15	P14738	P14738	-	   BepiPred-3.0	0.15	0.21	-	HSGLGTENGHGNYD	709	723	N	0	-	14	1.46	5.15	-1.50	0.51
				          Emini	1.00	0.54	0.00	..............         	
				       Kolaskar	1.00	0.97	0.43	EEE........EEE         	
				    Chou Fosman	1.03	1.19	1.00	EEEEEEEEEEEEEE         	
				 Karplus Schulz	1.03	1.02	0.43	....EEEEEE....         	
				         Parker	3.09	3.51	0.71	..EEEEEEEEEE..         	
				    All matches	-	-	0.00	..............         	
				         N-Glyc	-	-	0.00	..............         	
				     Hydropathy	-	-1.50	-	---+----------         	
16	P14738	P14738	-	   BepiPred-3.0	0.15	0.25	-	HPEQLYKYYYDRG	476	489	N	0	-	13	1.73	6.75	-1.96	0.46
				          Emini	1.00	1.67	0.77	..EEEEEEEEEE.         	
				       Kolaskar	1.00	1.05	1.00	EEEEEEEEEEEEE         	
				    Chou Fosman	1.03	1.07	0.54	..E....EEEEEE         	
				 Karplus Schulz	1.03	0.99	0.00	.............         	
				         Parker	3.09	1.48	0.00	.............         	
				    All matches	-	-	0.00	.............         	
				         N-Glyc	-	-	0.00	.............         	
				     Hydropathy	-	-1.96	-	----+--------         	
17	P14738	P14738	-	   BepiPred-3.0	0.15	0.21	-	DIDFDSVPHIH	809	820	N	0	-	11	1.29	4.40	-0.30	0.33
				          Emini	1.00	0.32	0.00	...........         	
				       Kolaskar	1.00	1.06	1.00	EEEEEEEEEEE         	
				    Chou Fosman	1.03	1.02	0.64	..EEEE.EE.E         	
				 Karplus Schulz	1.03	0.96	0.00	...........         	
				         Parker	3.09	0.70	0.00	...........         	
				    All matches	-	-	0.00	...........         	
				         N-Glyc	-	-	0.00	...........         	
				     Hydropathy	-	-0.30	-	-+-+--+--+-         	
